Photo Name,Original Photo,Fan,Good,Minor,Major,Other
ABC1.jpg,ABC.jpg,1,0,1,0,0
337898F6-683C-42D8-BB90-059668CAAAC5_BW.jpeg,337898F6-683C-42D8-BB90-059668CAAAC5_BW.jpeg,1,0,1,0,0
3AEC621C-354A-42C4-909E-5737795064AD_BW.jpeg,3AEC621C-354A-42C4-909E-5737795064AD_BW.jpeg,0,0,0,1,0
6C7EF891-9714-43A2-A5E3-831B17C2A9B9_BW.jpeg,6C7EF891-9714-43A2-A5E3-831B17C2A9B9_BW.jpeg,1,0,1,0,0
7064D1C3-6496-442D-9CAF-CD4886189553_BW.jpeg,7064D1C3-6496-442D-9CAF-CD4886189553_BW.jpeg,1,0,1,0,0
975521CA-E150-48AE-8308-511D3CD23FAC_BW.jpeg,975521CA-E150-48AE-8308-511D3CD23FAC_BW.jpeg,1,0,1,0,0
9B4FD5A8-03C6-42AC-8BB2-47F26CA76C35_BW.jpeg,9B4FD5A8-03C6-42AC-8BB2-47F26CA76C35_BW.jpeg,1,0,1,0,0
AE68848B-5965-4770-8B1B-5694A7AF7A97_BW.jpeg,AE68848B-5965-4770-8B1B-5694A7AF7A97_BW.jpeg,1,0,0,1,0
BFF344B7-61EC-45F8-BF8F-72753CA2620F_BW.jpeg,BFF344B7-61EC-45F8-BF8F-72753CA2620F_BW.jpeg,1,0,0,1,0
E5D4F837-D3B1-48D1-A234-FEC16ADB63AF_BW.jpeg,E5D4F837-D3B1-48D1-A234-FEC16ADB63AF_BW.jpeg,1,0,1,0,0
EA7663D6-8BAD-4B41-88D1-5D19D3CC893D_BW.jpeg,EA7663D6-8BAD-4B41-88D1-5D19D3CC893D_BW.jpeg,1,0,1,0,0
F59C47A3-AB93-4DF5-BFBA-EB70DAF43E10_BW.jpeg,F59C47A3-AB93-4DF5-BFBA-EB70DAF43E10_BW.jpeg,1,0,1,0,0
FB46976C-C819-477F-B8D6-699ADEC79E73_BW.jpeg,FB46976C-C819-477F-B8D6-699ADEC79E73_BW.jpeg,1,0,0,0,0
IMG_0103_BW.JPG,IMG_0103_BW.JPG,1,0,0,0,0
IMG_0104_BW.JPG,IMG_0104_BW.JPG,1,0,0,1,0
IMG_0105_BW.JPG,IMG_0105_BW.JPG,1,0,0,1,0
IMG_0106_BW.JPG,IMG_0106_BW.JPG,1,0,0,1,0
IMG_0107_BW.JPG,IMG_0107_BW.JPG,1,0,0,1,0
IMG_0108_BW.JPG,IMG_0108_BW.JPG,1,0,0,1,0
IMG_0109_BW.JPG,IMG_0109_BW.JPG,1,0,0,1,0
IMG_0110_BW.JPG,IMG_0110_BW.JPG,1,0,0,1,0
IMG_0111_BW.JPG,IMG_0111_BW.JPG,1,0,0,1,0
IMG_0112_BW.JPG,IMG_0112_BW.JPG,1,0,0,1,0
IMG_0113_BW.JPG,IMG_0113_BW.JPG,1,0,0,1,0
IMG_0114_BW.JPG,IMG_0114_BW.JPG,1,0,0,1,0
IMG_0115_BW.JPG,IMG_0115_BW.JPG,1,0,0,1,0
IMG_0116_BW.JPG,IMG_0116_BW.JPG,1,0,0,1,0
IMG_0117_BW.JPG,IMG_0117_BW.JPG,1,0,1,0,0
IMG_0118_BW.JPG,IMG_0118_BW.JPG,1,0,0,1,0
IMG_0119_BW.JPG,IMG_0119_BW.JPG,1,0,0,1,0
IMG_0120_BW.JPG,IMG_0120_BW.JPG,1,0,0,1,0
IMG_0121_BW.JPG,IMG_0121_BW.JPG,1,0,0,1,0
IMG_0122_BW.JPG,IMG_0122_BW.JPG,1,0,0,1,0
IMG_0123_BW.JPG,IMG_0123_BW.JPG,1,0,0,1,0
IMG_0124_BW.JPG,IMG_0124_BW.JPG,1,0,0,1,0
IMG_0125_BW.JPG,IMG_0125_BW.JPG,1,0,1,0,0
IMG_0126_BW.JPG,IMG_0126_BW.JPG,1,0,0,1,0
IMG_0127_BW.JPG,IMG_0127_BW.JPG,1,0,0,1,0
IMG_0128_BW.JPG,IMG_0128_BW.JPG,1,0,0,1,0
IMG_0129_BW.JPG,IMG_0129_BW.JPG,1,0,0,1,0
IMG_0130_BW.JPG,IMG_0130_BW.JPG,1,0,0,1,0
IMG_0131_BW.JPG,IMG_0131_BW.JPG,1,0,0,1,0
IMG_0132_BW.JPG,IMG_0132_BW.JPG,1,0,0,1,0
IMG_0133_BW.JPG,IMG_0133_BW.JPG,1,0,0,1,0
IMG_0134_BW.JPG,IMG_0134_BW.JPG,1,0,0,1,0
IMG_0135_BW.JPG,IMG_0135_BW.JPG,1,0,0,1,0
IMG_0136_BW.JPG,IMG_0136_BW.JPG,1,0,0,1,0
IMG_0137_BW.JPG,IMG_0137_BW.JPG,1,0,0,1,0
IMG_0138_BW.JPG,IMG_0138_BW.JPG,1,0,0,1,0
IMG_0139_BW.JPG,IMG_0139_BW.JPG,1,0,0,1,0
IMG_0140_BW.JPG,IMG_0140_BW.JPG,1,0,0,1,0
IMG_0141_BW.JPG,IMG_0141_BW.JPG,1,0,0,1,0
IMG_0142_BW.JPG,IMG_0142_BW.JPG,1,0,0,1,0
IMG_0143_BW.JPG,IMG_0143_BW.JPG,1,0,0,1,0
IMG_0144_BW.JPG,IMG_0144_BW.JPG,1,0,0,1,0
IMG_0145_BW.JPG,IMG_0145_BW.JPG,1,0,0,1,0
IMG_0146_BW.JPG,IMG_0146_BW.JPG,1,0,0,1,0
IMG_0147_BW.JPG,IMG_0147_BW.JPG,0,0,0,0,1
IMG_0148_BW.JPG,IMG_0148_BW.JPG,0,0,0,0,1
IMG_0149_BW.JPG,IMG_0149_BW.JPG,0,0,0,0,1
IMG_0150_BW.JPG,IMG_0150_BW.JPG,1,0,0,0,0
IMG_0151_BW.JPG,IMG_0151_BW.JPG,1,0,1,0,0
IMG_0152_BW.JPG,IMG_0152_BW.JPG,1,0,1,0,0
IMG_0153_BW.JPG,IMG_0153_BW.JPG,1,0,1,0,0
IMG_0154_BW.JPG,IMG_0154_BW.JPG,1,0,1,0,0
IMG_0155_BW.JPG,IMG_0155_BW.JPG,1,0,1,0,0
IMG_0156_BW.JPG,IMG_0156_BW.JPG,1,0,1,0,0
IMG_0157_BW.JPG,IMG_0157_BW.JPG,1,0,1,0,0
IMG_0158_BW.JPG,IMG_0158_BW.JPG,1,0,1,0,0
IMG_0159_BW.JPG,IMG_0159_BW.JPG,1,0,1,0,0
IMG_0160_BW.JPG,IMG_0160_BW.JPG,1,0,1,0,0
IMG_0161_BW.JPG,IMG_0161_BW.JPG,1,0,0,0,0
IMG_0162_BW.JPG,IMG_0162_BW.JPG,1,0,1,0,0
IMG_0163_BW.JPG,IMG_0163_BW.JPG,1,0,1,0,0
IMG_0164_BW.JPG,IMG_0164_BW.JPG,1,0,1,0,0
IMG_0165_BW.JPG,IMG_0165_BW.JPG,1,0,1,0,0
IMG_0166_BW.JPG,IMG_0166_BW.JPG,1,0,1,0,0
IMG_0167_BW.JPG,IMG_0167_BW.JPG,1,0,1,0,0
IMG_0168_BW.JPG,IMG_0168_BW.JPG,1,0,1,0,0
IMG_0169_BW.JPG,IMG_0169_BW.JPG,1,0,1,0,0
IMG_0170_BW.JPG,IMG_0170_BW.JPG,1,0,1,0,0
IMG_0171_BW.JPG,IMG_0171_BW.JPG,1,0,1,0,0
IMG_0172_BW.JPG,IMG_0172_BW.JPG,1,0,1,0,0
IMG_0173_BW.JPG,IMG_0173_BW.JPG,1,0,1,0,0
IMG_0174_BW.JPG,IMG_0174_BW.JPG,1,0,1,0,0
IMG_0175_BW.JPG,IMG_0175_BW.JPG,1,0,1,0,0
IMG_0176_BW.JPG,IMG_0176_BW.JPG,1,0,1,0,0
IMG_0177_BW.JPG,IMG_0177_BW.JPG,1,0,1,0,0
IMG_0178_BW.JPG,IMG_0178_BW.JPG,1,0,1,0,0
IMG_0179_BW.JPG,IMG_0179_BW.JPG,1,0,1,0,0
IMG_0180_BW.JPG,IMG_0180_BW.JPG,1,0,1,0,0
IMG_0181_BW.JPG,IMG_0181_BW.JPG,1,0,1,0,0
IMG_0182_BW.JPG,IMG_0182_BW.JPG,1,0,1,0,0
IMG_0183_BW.JPG,IMG_0183_BW.JPG,1,0,1,0,0
IMG_0184_BW.JPG,IMG_0184_BW.JPG,1,0,1,0,0
IMG_0185_BW.JPG,IMG_0185_BW.JPG,1,0,1,0,0
IMG_0186_BW.JPG,IMG_0186_BW.JPG,1,0,1,0,0
IMG_0187_BW.JPG,IMG_0187_BW.JPG,1,0,1,0,0
IMG_0188_BW.JPG,IMG_0188_BW.JPG,1,0,1,0,0
IMG_0189_BW.JPG,IMG_0189_BW.JPG,1,0,1,0,0
IMG_0190_BW.JPG,IMG_0190_BW.JPG,1,0,1,0,0
IMG_0191_BW.JPG,IMG_0191_BW.JPG,1,0,0,1,0
IMG_0192_BW.JPG,IMG_0192_BW.JPG,1,0,0,1,0
IMG_0193_BW.JPG,IMG_0193_BW.JPG,1,0,0,1,0
IMG_0194_BW.JPG,IMG_0194_BW.JPG,1,0,0,1,0
IMG_0195_BW.JPG,IMG_0195_BW.JPG,1,0,0,1,0
IMG_0196_BW.JPG,IMG_0196_BW.JPG,1,0,0,1,0
IMG_0197_BW.JPG,IMG_0197_BW.JPG,1,0,0,1,0
IMG_0198_BW.JPG,IMG_0198_BW.JPG,1,0,0,1,0
IMG_0199_BW.JPG,IMG_0199_BW.JPG,1,0,0,1,0
IMG_0200_BW.JPG,IMG_0200_BW.JPG,1,0,0,1,0
IMG_0201_BW.JPG,IMG_0201_BW.JPG,1,0,0,0,0
IMG_0202_BW.JPG,IMG_0202_BW.JPG,1,0,0,1,0
IMG_0203_BW.JPG,IMG_0203_BW.JPG,1,0,0,1,0
IMG_0204_BW.JPG,IMG_0204_BW.JPG,1,0,0,1,0
IMG_0205_BW.JPG,IMG_0205_BW.JPG,1,0,0,1,0
IMG_0206_BW.JPG,IMG_0206_BW.JPG,1,0,0,1,0
IMG_0207_BW.JPG,IMG_0207_BW.JPG,1,0,0,1,0
IMG_0208_BW.JPG,IMG_0208_BW.JPG,1,0,0,1,0
IMG_0209_BW.JPG,IMG_0209_BW.JPG,1,0,0,1,0
IMG_0210_BW.JPG,IMG_0210_BW.JPG,1,0,0,0,0
IMG_0211_BW.JPG,IMG_0211_BW.JPG,1,0,1,0,0
IMG_0212_BW.JPG,IMG_0212_BW.JPG,1,0,0,0,0
IMG_0213_BW.JPG,IMG_0213_BW.JPG,1,0,1,0,0
IMG_0214_BW.JPG,IMG_0214_BW.JPG,1,0,1,0,0
IMG_0215_BW.JPG,IMG_0215_BW.JPG,1,0,0,0,0
IMG_0216_BW.JPG,IMG_0216_BW.JPG,1,0,0,0,0
IMG_0217_BW.JPG,IMG_0217_BW.JPG,1,0,1,0,0
IMG_0218_BW.JPG,IMG_0218_BW.JPG,1,0,1,0,0
IMG_0219_BW.JPG,IMG_0219_BW.JPG,1,0,1,0,0
IMG_0220_BW.JPG,IMG_0220_BW.JPG,1,0,1,0,0
IMG_0221_BW.JPG,IMG_0221_BW.JPG,1,0,1,0,0
IMG_0222_BW.JPG,IMG_0222_BW.JPG,1,0,1,0,0
IMG_0223_BW.JPG,IMG_0223_BW.JPG,1,0,1,0,0
IMG_0224_BW.JPG,IMG_0224_BW.JPG,1,0,1,0,0
IMG_0225_BW.JPG,IMG_0225_BW.JPG,1,0,0,0,0
IMG_0226_BW.JPG,IMG_0226_BW.JPG,1,0,1,0,0
IMG_0227_BW.JPG,IMG_0227_BW.JPG,1,0,1,0,0
IMG_0228_BW.JPG,IMG_0228_BW.JPG,1,0,0,1,0
IMG_0229_BW.JPG,IMG_0229_BW.JPG,1,0,1,0,0
IMG_0230_BW.JPG,IMG_0230_BW.JPG,1,0,0,1,0
IMG_0231_BW.JPG,IMG_0231_BW.JPG,1,0,0,1,0
IMG_0232_BW.JPG,IMG_0232_BW.JPG,1,0,0,1,0
IMG_0233_BW.JPG,IMG_0233_BW.JPG,1,0,0,1,0
IMG_0234_BW.JPG,IMG_0234_BW.JPG,1,0,0,1,0
IMG_0235_BW.JPG,IMG_0235_BW.JPG,1,0,0,1,0
IMG_0236_BW.JPG,IMG_0236_BW.JPG,1,0,0,1,0
IMG_0237_BW.JPG,IMG_0237_BW.JPG,1,0,0,0,0
IMG_0238_BW.JPG,IMG_0238_BW.JPG,1,0,1,0,0
IMG_0239_BW.JPG,IMG_0239_BW.JPG,1,0,1,0,0
IMG_0240_BW.JPG,IMG_0240_BW.JPG,1,0,1,0,0
IMG_0241_BW.JPG,IMG_0241_BW.JPG,1,0,1,0,0
IMG_0242_BW.JPG,IMG_0242_BW.JPG,1,0,1,0,0
IMG_0243_BW.JPG,IMG_0243_BW.JPG,1,0,1,0,0
IMG_0244_BW.JPG,IMG_0244_BW.JPG,1,0,1,0,0
IMG_0245_BW.JPG,IMG_0245_BW.JPG,1,0,1,0,0
IMG_0246_BW.JPG,IMG_0246_BW.JPG,1,0,1,0,0
IMG_0247_BW.JPG,IMG_0247_BW.JPG,1,0,1,0,0
IMG_0248_BW.JPG,IMG_0248_BW.JPG,1,0,1,0,0
IMG_0249_BW.JPG,IMG_0249_BW.JPG,1,0,1,0,0
IMG_0250_BW.JPG,IMG_0250_BW.JPG,1,0,1,0,0
IMG_0251_BW.JPG,IMG_0251_BW.JPG,1,0,1,0,0
IMG_0252_BW.JPG,IMG_0252_BW.JPG,1,0,1,0,0
IMG_0253_BW.JPG,IMG_0253_BW.JPG,1,0,1,0,0
IMG_0254_BW.JPG,IMG_0254_BW.JPG,1,0,1,0,0
IMG_0255_BW.JPG,IMG_0255_BW.JPG,1,0,1,0,0
IMG_0256_BW.JPG,IMG_0256_BW.JPG,1,0,1,0,0
IMG_0257_BW.JPG,IMG_0257_BW.JPG,1,0,1,0,0
IMG_0258_BW.JPG,IMG_0258_BW.JPG,1,0,1,0,0
IMG_0259_BW.JPG,IMG_0259_BW.JPG,1,0,1,0,0
IMG_0260_BW.JPG,IMG_0260_BW.JPG,1,0,1,0,0
IMG_0261_BW.JPG,IMG_0261_BW.JPG,1,0,1,0,0
IMG_0262_BW.JPG,IMG_0262_BW.JPG,1,0,1,0,0
IMG_0263_BW.JPG,IMG_0263_BW.JPG,1,0,1,0,0
IMG_0264_BW.JPG,IMG_0264_BW.JPG,1,0,1,0,0
IMG_0265_BW.JPG,IMG_0265_BW.JPG,1,0,1,0,0
IMG_0266_BW.JPG,IMG_0266_BW.JPG,1,0,1,0,0
IMG_0267_BW.JPG,IMG_0267_BW.JPG,1,0,1,0,0
IMG_0268_BW.JPG,IMG_0268_BW.JPG,1,0,1,0,0
IMG_0269_BW.JPG,IMG_0269_BW.JPG,1,0,1,0,0
IMG_0270_BW.JPG,IMG_0270_BW.JPG,1,0,1,0,0
IMG_0271_BW.JPG,IMG_0271_BW.JPG,1,0,1,0,0
IMG_0272_BW.JPG,IMG_0272_BW.JPG,1,0,1,0,0
IMG_0273_BW.JPG,IMG_0273_BW.JPG,1,0,1,0,0
IMG_0274_BW.JPG,IMG_0274_BW.JPG,1,0,1,0,0
IMG_0275_BW.JPG,IMG_0275_BW.JPG,1,0,1,0,0
IMG_0276_BW.JPG,IMG_0276_BW.JPG,1,0,1,0,0
IMG_0277_BW.JPG,IMG_0277_BW.JPG,1,0,1,0,0
IMG_0278_BW.JPG,IMG_0278_BW.JPG,1,0,1,0,0
IMG_0279_BW.JPG,IMG_0279_BW.JPG,1,0,0,0,0
IMG_0280_BW.JPG,IMG_0280_BW.JPG,1,0,0,1,0
IMG_0281_BW.JPG,IMG_0281_BW.JPG,1,0,0,1,0
IMG_0282_BW.JPG,IMG_0282_BW.JPG,1,0,0,1,0
IMG_0283_BW.JPG,IMG_0283_BW.JPG,1,0,0,1,0
IMG_0284_BW.JPG,IMG_0284_BW.JPG,1,0,0,1,0
IMG_0285_BW.JPG,IMG_0285_BW.JPG,1,0,0,1,0
IMG_0286_BW.JPG,IMG_0286_BW.JPG,1,0,0,1,0
IMG_0287_BW.JPG,IMG_0287_BW.JPG,1,0,0,1,0
IMG_0288_BW.JPG,IMG_0288_BW.JPG,1,0,0,1,0
IMG_0289_BW.JPG,IMG_0289_BW.JPG,1,0,0,1,0
IMG_0290_BW.JPG,IMG_0290_BW.JPG,1,0,0,1,0
IMG_0291_BW.JPG,IMG_0291_BW.JPG,1,0,0,1,0
IMG_0292_BW.JPG,IMG_0292_BW.JPG,1,0,0,1,0
IMG_0293_BW.JPG,IMG_0293_BW.JPG,1,0,0,1,0
IMG_0294_BW.JPG,IMG_0294_BW.JPG,1,0,0,1,0
IMG_0295_BW.JPG,IMG_0295_BW.JPG,1,0,0,1,0
IMG_0296_BW.JPG,IMG_0296_BW.JPG,1,0,0,1,0
IMG_0297_BW.JPG,IMG_0297_BW.JPG,1,0,0,1,0
IMG_0298_BW.JPG,IMG_0298_BW.JPG,1,0,1,0,0
IMG_0299_BW.JPG,IMG_0299_BW.JPG,1,0,1,0,0
IMG_0300_BW.JPG,IMG_0300_BW.JPG,1,0,0,1,0
IMG_0301_BW.JPG,IMG_0301_BW.JPG,1,0,0,1,0
IMG_0302_BW.JPG,IMG_0302_BW.JPG,1,0,0,1,0
IMG_0303_BW.JPG,IMG_0303_BW.JPG,1,0,0,1,0
IMG_0304_BW.JPG,IMG_0304_BW.JPG,1,0,0,1,0
IMG_0305_BW.JPG,IMG_0305_BW.JPG,1,0,0,1,0
IMG_0306_BW.JPG,IMG_0306_BW.JPG,1,0,0,1,0
IMG_0307_BW.JPG,IMG_0307_BW.JPG,1,0,0,1,0
IMG_0308_BW.JPG,IMG_0308_BW.JPG,1,0,0,1,0
IMG_0309_BW.JPG,IMG_0309_BW.JPG,1,0,0,1,0
IMG_0310_BW.JPG,IMG_0310_BW.JPG,1,0,0,1,0
IMG_0311_BW.JPG,IMG_0311_BW.JPG,1,0,0,1,0
IMG_0312_BW.JPG,IMG_0312_BW.JPG,1,0,0,1,0
IMG_0313_BW.JPG,IMG_0313_BW.JPG,1,0,0,1,0
IMG_0314_BW.JPG,IMG_0314_BW.JPG,1,0,0,1,0
IMG_0315_BW.JPG,IMG_0315_BW.JPG,1,0,0,1,0
IMG_0316_BW.JPG,IMG_0316_BW.JPG,1,0,0,1,0
IMG_0317_BW.JPG,IMG_0317_BW.JPG,1,0,0,1,0
IMG_0318_BW.JPG,IMG_0318_BW.JPG,1,0,0,1,0
IMG_0319_BW.JPG,IMG_0319_BW.JPG,1,0,0,1,0
IMG_0320_BW.JPG,IMG_0320_BW.JPG,1,0,0,1,0
IMG_0321_BW.JPG,IMG_0321_BW.JPG,1,0,0,1,0
IMG_0322_BW.JPG,IMG_0322_BW.JPG,1,0,0,1,0
IMG_0323_BW.JPG,IMG_0323_BW.JPG,1,0,0,0,0
IMG_0324_BW.JPG,IMG_0324_BW.JPG,0,0,0,0,1
IMG_0325_BW.JPG,IMG_0325_BW.JPG,0,0,0,0,1
IMG_0326_BW.JPG,IMG_0326_BW.JPG,0,0,0,0,1
IMG_0327_BW.JPG,IMG_0327_BW.JPG,0,0,0,0,1
IMG_0328_BW.JPG,IMG_0328_BW.JPG,0,0,0,0,1
IMG_0329_BW.JPG,IMG_0329_BW.JPG,0,0,0,0,1
IMG_0330_BW.JPG,IMG_0330_BW.JPG,1,0,0,1,0
IMG_0331_BW.JPG,IMG_0331_BW.JPG,1,0,0,1,0
IMG_0332_BW.JPG,IMG_0332_BW.JPG,1,0,0,1,0
IMG_0333_BW.JPG,IMG_0333_BW.JPG,1,0,0,1,0
IMG_0334_BW.JPG,IMG_0334_BW.JPG,1,0,0,1,0
IMG_0335_BW.JPG,IMG_0335_BW.JPG,1,0,0,1,0
IMG_0336_BW.JPG,IMG_0336_BW.JPG,1,0,0,1,0
IMG_0337_BW.JPG,IMG_0337_BW.JPG,1,0,0,1,0
IMG_0338_BW.JPG,IMG_0338_BW.JPG,1,0,0,1,0
IMG_0339_BW.JPG,IMG_0339_BW.JPG,1,0,0,1,0
IMG_0340_BW.JPG,IMG_0340_BW.JPG,1,0,1,0,0
IMG_0341_BW.JPG,IMG_0341_BW.JPG,1,0,1,0,0
IMG_0342_BW.JPG,IMG_0342_BW.JPG,1,0,1,0,0
IMG_0343_BW.JPG,IMG_0343_BW.JPG,1,0,1,0,0
IMG_0344_BW.JPG,IMG_0344_BW.JPG,1,0,1,0,0
IMG_0345_BW.JPG,IMG_0345_BW.JPG,1,0,1,0,0
IMG_0346_BW.JPG,IMG_0346_BW.JPG,1,0,0,1,0
IMG_0347_BW.JPG,IMG_0347_BW.JPG,1,0,0,1,0
IMG_0348_BW.JPG,IMG_0348_BW.JPG,1,0,0,1,0
IMG_0349_BW.JPG,IMG_0349_BW.JPG,1,0,0,1,0
IMG_0350_BW.JPG,IMG_0350_BW.JPG,1,1,0,0,0
IMG_0351_BW.JPG,IMG_0351_BW.JPG,1,1,0,0,0
IMG_0352_BW.JPG,IMG_0352_BW.JPG,1,1,0,0,0
IMG_0353_BW.JPG,IMG_0353_BW.JPG,1,1,0,0,0
IMG_0354_BW.JPG,IMG_0354_BW.JPG,1,1,0,0,0
IMG_0355_BW.JPG,IMG_0355_BW.JPG,1,1,0,0,0
IMG_0356_BW.JPG,IMG_0356_BW.JPG,1,1,0,0,0
IMG_0357_BW.JPG,IMG_0357_BW.JPG,1,1,0,0,0
IMG_0358_BW.JPG,IMG_0358_BW.JPG,1,1,0,0,0
IMG_0359_BW.JPG,IMG_0359_BW.JPG,1,1,0,0,0
IMG_0360_BW.JPG,IMG_0360_BW.JPG,1,1,0,0,0
IMG_0361_BW.JPG,IMG_0361_BW.JPG,1,1,0,0,0
IMG_0362_BW.JPG,IMG_0362_BW.JPG,1,1,0,0,0
IMG_0363_BW.JPG,IMG_0363_BW.JPG,1,1,0,0,0
IMG_0364_BW.JPG,IMG_0364_BW.JPG,1,1,0,0,0
IMG_0365_BW.JPG,IMG_0365_BW.JPG,1,1,0,0,0
IMG_0366_BW.JPG,IMG_0366_BW.JPG,1,1,0,0,0
IMG_0367_BW.JPG,IMG_0367_BW.JPG,1,1,0,0,0
IMG_0368_BW.JPG,IMG_0368_BW.JPG,1,1,0,0,0
IMG_0369_BW.JPG,IMG_0369_BW.JPG,1,1,0,0,0
IMG_0370_BW.JPG,IMG_0370_BW.JPG,1,0,0,0,0
IMG_0371_BW.JPG,IMG_0371_BW.JPG,1,0,1,0,0
IMG_0372_BW.JPG,IMG_0372_BW.JPG,1,0,1,0,0
IMG_0373_BW.JPG,IMG_0373_BW.JPG,1,0,1,0,0
IMG_0374_BW.JPG,IMG_0374_BW.JPG,1,0,1,0,0
IMG_0375_BW.JPG,IMG_0375_BW.JPG,1,0,1,0,0
IMG_0376_BW.JPG,IMG_0376_BW.JPG,1,0,1,0,0
IMG_0377_BW.JPG,IMG_0377_BW.JPG,1,0,1,0,0
IMG_0378_BW.JPG,IMG_0378_BW.JPG,0,0,0,0,1
IMG_0379_BW.JPG,IMG_0379_BW.JPG,0,0,0,0,1
IMG_0380_BW.JPG,IMG_0380_BW.JPG,0,0,0,0,1
IMG_0381_BW.JPG,IMG_0381_BW.JPG,0,0,0,0,1
IMG_0382_BW.JPG,IMG_0382_BW.JPG,0,0,0,0,1
IMG_0383_BW.JPG,IMG_0383_BW.JPG,0,0,0,0,1
IMG_0384_BW.JPG,IMG_0384_BW.JPG,0,0,0,0,1
IMG_0385_BW.JPG,IMG_0385_BW.JPG,0,0,0,0,1
IMG_0386_BW.JPG,IMG_0386_BW.JPG,0,0,0,0,1
IMG_0387_BW.JPG,IMG_0387_BW.JPG,0,0,0,0,1
IMG_0388_BW.JPG,IMG_0388_BW.JPG,0,0,0,0,1
IMG_0389_BW.JPG,IMG_0389_BW.JPG,0,0,0,0,1
IMG_0390_BW.JPG,IMG_0390_BW.JPG,0,0,0,0,1
IMG_0391_BW.JPG,IMG_0391_BW.JPG,0,0,0,0,1
IMG_0392_BW.JPG,IMG_0392_BW.JPG,1,0,0,0,0
IMG_0393_BW.JPG,IMG_0393_BW.JPG,0,0,0,0,1
IMG_0394_BW.JPG,IMG_0394_BW.JPG,0,0,0,0,1
IMG_0395_BW.JPG,IMG_0395_BW.JPG,0,0,0,0,1
IMG_0396_BW.JPG,IMG_0396_BW.JPG,0,0,0,0,1
IMG_0397_BW.JPG,IMG_0397_BW.JPG,0,0,0,0,1
IMG_0398_BW.JPG,IMG_0398_BW.JPG,1,0,0,0,0
IMG_0399_BW.JPG,IMG_0399_BW.JPG,0,0,0,0,1
IMG_0400_BW.JPG,IMG_0400_BW.JPG,1,0,0,1,0
IMG_0401_BW.JPG,IMG_0401_BW.JPG,1,0,0,1,0
IMG_0402_BW.JPG,IMG_0402_BW.JPG,1,0,0,1,0
IMG_0403_BW.JPG,IMG_0403_BW.JPG,1,0,0,1,0
IMG_0404_BW.JPG,IMG_0404_BW.JPG,1,0,0,1,0
IMG_0405_BW.JPG,IMG_0405_BW.JPG,1,0,0,1,0
IMG_0406_BW.JPG,IMG_0406_BW.JPG,1,0,0,1,0
IMG_0407_BW.JPG,IMG_0407_BW.JPG,1,0,0,1,0
IMG_0408_BW.JPG,IMG_0408_BW.JPG,1,0,0,1,0
IMG_0409_BW.JPG,IMG_0409_BW.JPG,1,0,0,1,0
IMG_0410_BW.JPG,IMG_0410_BW.JPG,1,0,1,0,0
IMG_0411_BW.JPG,IMG_0411_BW.JPG,1,0,1,0,0
IMG_0412_BW.JPG,IMG_0412_BW.JPG,1,0,1,0,0
IMG_0413_BW.JPG,IMG_0413_BW.JPG,1,0,1,0,0
IMG_0414_BW.JPG,IMG_0414_BW.JPG,1,0,1,0,0
IMG_0415_BW.JPG,IMG_0415_BW.JPG,1,0,1,0,0
IMG_0416_BW.JPG,IMG_0416_BW.JPG,1,0,1,0,0
IMG_0417_BW.JPG,IMG_0417_BW.JPG,1,0,1,0,0
IMG_0418_BW.JPG,IMG_0418_BW.JPG,1,0,1,0,0
IMG_0419_BW.JPG,IMG_0419_BW.JPG,1,0,1,0,0
IMG_0420_BW.JPG,IMG_0420_BW.JPG,1,0,1,0,0
IMG_0421_BW.JPG,IMG_0421_BW.JPG,1,0,1,0,0
IMG_0422_BW.JPG,IMG_0422_BW.JPG,1,0,1,0,0
IMG_0423_BW.JPG,IMG_0423_BW.JPG,1,0,1,0,0
IMG_0424_BW.JPG,IMG_0424_BW.JPG,1,0,1,0,0
IMG_0425_BW.JPG,IMG_0425_BW.JPG,1,0,1,0,0
IMG_0426_BW.JPG,IMG_0426_BW.JPG,1,0,0,1,0
IMG_0427_BW.JPG,IMG_0427_BW.JPG,1,0,0,1,0
IMG_0428_BW.JPG,IMG_0428_BW.JPG,1,0,0,1,0
IMG_0429_BW.JPG,IMG_0429_BW.JPG,1,0,0,1,0
IMG_0430_BW.JPG,IMG_0430_BW.JPG,1,0,0,1,0
IMG_0431_BW.JPG,IMG_0431_BW.JPG,1,0,0,1,0
IMG_0432_BW.JPG,IMG_0432_BW.JPG,1,0,0,1,0
IMG_0433_BW.JPG,IMG_0433_BW.JPG,1,0,0,1,0
IMG_0434_BW.JPG,IMG_0434_BW.JPG,1,0,0,1,0
IMG_0435_BW.JPG,IMG_0435_BW.JPG,1,0,0,1,0
IMG_0436_BW.JPG,IMG_0436_BW.JPG,1,0,0,1,0
IMG_0437_BW.JPG,IMG_0437_BW.JPG,1,0,0,1,0
IMG_0438_BW.JPG,IMG_0438_BW.JPG,1,0,0,1,0
IMG_0439_BW.JPG,IMG_0439_BW.JPG,1,0,0,1,0
IMG_0440_BW.JPG,IMG_0440_BW.JPG,1,0,0,1,0
IMG_0441_BW.JPG,IMG_0441_BW.JPG,1,0,0,1,0
IMG_0442_BW.JPG,IMG_0442_BW.JPG,1,0,0,1,0
IMG_0443_BW.JPG,IMG_0443_BW.JPG,1,0,0,1,0
IMG_0444_BW.JPG,IMG_0444_BW.JPG,1,0,0,1,0
IMG_0445_BW.JPG,IMG_0445_BW.JPG,1,0,0,1,0
IMG_0446_BW.JPG,IMG_0446_BW.JPG,1,0,0,1,0
IMG_0447_BW.JPG,IMG_0447_BW.JPG,1,0,0,1,0
IMG_0448_BW.JPG,IMG_0448_BW.JPG,1,0,1,0,0
IMG_0449_BW.JPG,IMG_0449_BW.JPG,1,0,0,1,0
IMG_0450_BW.JPG,IMG_0450_BW.JPG,1,0,0,0,0
IMG_0451_BW.JPG,IMG_0451_BW.JPG,0,0,0,0,1
IMG_0452_BW.JPG,IMG_0452_BW.JPG,0,0,0,0,1
IMG_0453_BW.JPG,IMG_0453_BW.JPG,0,0,0,0,1
IMG_0454_BW.JPG,IMG_0454_BW.JPG,0,0,0,0,1
IMG_0455_BW.JPG,IMG_0455_BW.JPG,1,0,1,0,0
IMG_0456_BW.JPG,IMG_0456_BW.JPG,1,0,1,0,0
IMG_0457_BW.JPG,IMG_0457_BW.JPG,1,0,1,0,0
IMG_0458_BW.JPG,IMG_0458_BW.JPG,1,0,1,0,0
IMG_0459_BW.JPG,IMG_0459_BW.JPG,1,0,1,0,0
IMG_0460_BW.JPG,IMG_0460_BW.JPG,1,0,1,0,0
IMG_0461_BW.JPG,IMG_0461_BW.JPG,1,0,1,0,0
IMG_0462_BW.JPG,IMG_0462_BW.JPG,1,0,1,0,0
IMG_0463_BW.JPG,IMG_0463_BW.JPG,1,0,1,0,0
IMG_0464_BW.JPG,IMG_0464_BW.JPG,1,0,0,1,0
IMG_0465_BW.JPG,IMG_0465_BW.JPG,1,0,0,1,0
IMG_0466_BW.JPG,IMG_0466_BW.JPG,1,0,0,1,0
IMG_0467_BW.JPG,IMG_0467_BW.JPG,1,0,0,1,0
IMG_0468_BW.JPG,IMG_0468_BW.JPG,1,0,0,0,0
IMG_0469_BW.JPG,IMG_0469_BW.JPG,1,0,0,0,0
IMG_0470_BW.JPG,IMG_0470_BW.JPG,1,0,0,0,0
IMG_0471_BW.JPG,IMG_0471_BW.JPG,1,0,0,0,0
IMG_0472_BW.JPG,IMG_0472_BW.JPG,1,0,0,0,0
IMG_0473_BW.JPG,IMG_0473_BW.JPG,1,0,0,1,0
IMG_0474_BW.JPG,IMG_0474_BW.JPG,1,0,0,1,0
IMG_0475_BW.JPG,IMG_0475_BW.JPG,1,0,0,1,0
IMG_0476_BW.JPG,IMG_0476_BW.JPG,1,0,1,0,0
IMG_0477_BW.JPG,IMG_0477_BW.JPG,1,0,1,0,0
IMG_0478_BW.JPG,IMG_0478_BW.JPG,1,0,0,1,0
IMG_0479_BW.JPG,IMG_0479_BW.JPG,1,0,0,1,0
IMG_0480_BW.JPG,IMG_0480_BW.JPG,1,0,0,1,0
IMG_0481_BW.JPG,IMG_0481_BW.JPG,1,0,1,0,0
IMG_0482_BW.JPG,IMG_0482_BW.JPG,1,0,1,0,0
IMG_0483_BW.JPG,IMG_0483_BW.JPG,1,0,0,1,0
IMG_0484_BW.JPG,IMG_0484_BW.JPG,1,0,0,1,0
IMG_0485_BW.JPG,IMG_0485_BW.JPG,1,0,0,1,0
IMG_0486_BW.JPG,IMG_0486_BW.JPG,1,0,0,1,0
IMG_0487_BW.JPG,IMG_0487_BW.JPG,1,0,0,1,0
IMG_0488_BW.JPG,IMG_0488_BW.JPG,1,0,0,1,0
IMG_0489_BW.JPG,IMG_0489_BW.JPG,1,0,0,1,0
IMG_0490_BW.JPG,IMG_0490_BW.JPG,1,0,0,1,0
IMG_0491_BW.JPG,IMG_0491_BW.JPG,1,0,0,1,0
IMG_0492_BW.JPG,IMG_0492_BW.JPG,1,0,0,1,0
IMG_0493_BW.JPG,IMG_0493_BW.JPG,1,0,0,0,0
IMG_0494_BW.JPG,IMG_0494_BW.JPG,0,0,0,0,1
IMG_0495_BW.JPG,IMG_0495_BW.JPG,0,0,0,0,1
IMG_0496_BW.JPG,IMG_0496_BW.JPG,1,0,1,0,0
IMG_0497_BW.JPG,IMG_0497_BW.JPG,1,0,1,0,0
IMG_0498_BW.JPG,IMG_0498_BW.JPG,1,0,1,0,0
IMG_0499_BW.JPG,IMG_0499_BW.JPG,1,0,1,0,0
IMG_0500_BW.JPG,IMG_0500_BW.JPG,1,0,1,0,0
IMG_0501_BW.JPG,IMG_0501_BW.JPG,1,0,1,0,0
IMG_0502_BW.JPG,IMG_0502_BW.JPG,1,0,1,0,0
IMG_0503_BW.JPG,IMG_0503_BW.JPG,1,0,1,0,0
IMG_0504_BW.JPG,IMG_0504_BW.JPG,1,0,1,0,0
IMG_0505_BW.JPG,IMG_0505_BW.JPG,1,0,1,0,0
IMG_0506_BW.JPG,IMG_0506_BW.JPG,1,0,1,0,0
IMG_0507_BW.JPG,IMG_0507_BW.JPG,1,0,1,0,0
IMG_0508_BW.JPG,IMG_0508_BW.JPG,1,0,1,0,0
IMG_0509_BW.JPG,IMG_0509_BW.JPG,1,0,1,0,0
IMG_0510_BW.JPG,IMG_0510_BW.JPG,1,0,1,0,0
IMG_0511_BW.JPG,IMG_0511_BW.JPG,1,0,1,0,0
IMG_0512_BW.JPG,IMG_0512_BW.JPG,1,0,1,0,0
IMG_0513_BW.JPG,IMG_0513_BW.JPG,1,0,1,0,0
IMG_0624_BW.JPG,IMG_0624_BW.JPG,1,0,0,0,0
IMG_0635_BW.JPG,IMG_0635_BW.JPG,0,0,0,0,1
IMG_0636_BW.JPG,IMG_0636_BW.JPG,0,0,0,0,1
IMG_0637_BW.JPG,IMG_0637_BW.JPG,0,0,0,0,1
IMG_0638_BW.JPG,IMG_0638_BW.JPG,1,0,1,0,0
IMG_0639_BW.JPG,IMG_0639_BW.JPG,1,0,1,0,0
IMG_0640_BW.JPG,IMG_0640_BW.JPG,1,0,1,0,0
IMG_0641_BW.JPG,IMG_0641_BW.JPG,1,0,1,0,0
IMG_0642_BW.JPG,IMG_0642_BW.JPG,1,0,1,0,0
IMG_0643_BW.JPG,IMG_0643_BW.JPG,1,0,1,0,0
IMG_0644_BW.JPG,IMG_0644_BW.JPG,1,0,1,0,0
IMG_0645_BW.JPG,IMG_0645_BW.JPG,1,0,1,0,0
IMG_0646_BW.JPG,IMG_0646_BW.JPG,1,0,1,0,0
IMG_0647_BW.JPG,IMG_0647_BW.JPG,1,0,1,0,0
IMG_0648_BW.JPG,IMG_0648_BW.JPG,1,0,1,0,0
IMG_0649_BW.JPG,IMG_0649_BW.JPG,1,0,1,0,0
IMG_0650_BW.JPG,IMG_0650_BW.JPG,1,0,0,1,0
IMG_0651_BW.JPG,IMG_0651_BW.JPG,1,0,1,0,0
IMG_0652_BW.JPG,IMG_0652_BW.JPG,1,0,0,1,0
IMG_0653_BW.JPG,IMG_0653_BW.JPG,1,0,1,0,0
IMG_0654_BW.JPG,IMG_0654_BW.JPG,1,0,1,0,0
IMG_0655_BW.JPG,IMG_0655_BW.JPG,1,0,1,0,0
IMG_0656_BW.JPG,IMG_0656_BW.JPG,1,0,1,0,0
IMG_0657_BW.JPG,IMG_0657_BW.JPG,1,0,0,0,0
IMG_0658_BW.JPG,IMG_0658_BW.JPG,1,0,1,0,0
IMG_0659_BW.JPG,IMG_0659_BW.JPG,1,0,1,0,0
IMG_0660_BW.JPG,IMG_0660_BW.JPG,1,0,1,0,0
IMG_0661_BW.JPG,IMG_0661_BW.JPG,1,0,1,0,0
IMG_0662_BW.JPG,IMG_0662_BW.JPG,1,0,1,0,0
IMG_0663_BW.JPG,IMG_0663_BW.JPG,1,0,0,0,0
IMG_0664_BW.JPG,IMG_0664_BW.JPG,1,1,0,0,0
IMG_0665_BW.JPG,IMG_0665_BW.JPG,1,1,0,0,0
IMG_0666_BW.JPG,IMG_0666_BW.JPG,1,1,0,0,0
IMG_0667_BW.JPG,IMG_0667_BW.JPG,1,1,0,0,0
IMG_0668_BW.JPG,IMG_0668_BW.JPG,1,1,0,0,0
IMG_0669_BW.JPG,IMG_0669_BW.JPG,1,0,0,0,0
IMG_0670_BW.JPG,IMG_0670_BW.JPG,1,0,0,0,0
IMG_0671_BW.JPG,IMG_0671_BW.JPG,1,0,0,0,0
IMG_0672_BW.JPG,IMG_0672_BW.JPG,1,0,0,0,0
IMG_0673_BW.JPG,IMG_0673_BW.JPG,1,0,0,0,0
IMG_0674_BW.JPG,IMG_0674_BW.JPG,1,0,0,0,0
IMG_0675_BW.JPG,IMG_0675_BW.JPG,1,0,0,0,0
IMG_0676_BW.JPG,IMG_0676_BW.JPG,1,0,0,0,0
IMG_0677_BW.JPG,IMG_0677_BW.JPG,1,0,0,0,0
IMG_0678_BW.JPG,IMG_0678_BW.JPG,1,0,0,0,0
IMG_0679_BW.JPG,IMG_0679_BW.JPG,0,0,0,0,1
IMG_0680_BW.JPG,IMG_0680_BW.JPG,0,0,0,0,1
IMG_0681_BW.JPG,IMG_0681_BW.JPG,0,0,0,0,1
IMG_0682_BW.JPG,IMG_0682_BW.JPG,0,0,0,0,1
IMG_0683_BW.JPG,IMG_0683_BW.JPG,1,0,1,0,0
IMG_0684_BW.JPG,IMG_0684_BW.JPG,1,0,1,0,0
IMG_0685_BW.JPG,IMG_0685_BW.JPG,1,0,1,0,0
IMG_0686_BW.JPG,IMG_0686_BW.JPG,1,0,1,0,0
IMG_0687_BW.JPG,IMG_0687_BW.JPG,1,0,1,0,0
IMG_0688_BW.JPG,IMG_0688_BW.JPG,1,0,0,0,0
IMG_0689_BW.JPG,IMG_0689_BW.JPG,1,0,0,0,0
IMG_0690_BW.JPG,IMG_0690_BW.JPG,1,0,0,0,0
IMG_0691_BW.JPG,IMG_0691_BW.JPG,1,0,0,0,0
IMG_0692_BW.JPG,IMG_0692_BW.JPG,1,0,0,0,0
IMG_0693_BW.JPG,IMG_0693_BW.JPG,1,0,0,1,0
IMG_0694_BW.JPG,IMG_0694_BW.JPG,1,0,0,1,0
IMG_0695_BW.JPG,IMG_0695_BW.JPG,1,0,0,1,0
IMG_0696_BW.JPG,IMG_0696_BW.JPG,1,0,0,1,0
IMG_0697_BW.JPG,IMG_0697_BW.JPG,1,0,0,0,0
IMG_0698_BW.JPG,IMG_0698_BW.JPG,1,0,1,0,0
IMG_0699_BW.JPG,IMG_0699_BW.JPG,1,0,1,0,0
IMG_0700_BW.JPG,IMG_0700_BW.JPG,1,0,1,0,0
IMG_0701_BW.JPG,IMG_0701_BW.JPG,1,0,1,0,0
IMG_0702_BW.JPG,IMG_0702_BW.JPG,1,0,1,0,0
IMG_0703_BW.JPG,IMG_0703_BW.JPG,1,0,1,0,0
IMG_0704_BW.JPG,IMG_0704_BW.JPG,1,0,1,0,0
IMG_0705_BW.JPG,IMG_0705_BW.JPG,1,0,1,0,0
IMG_0706_BW.JPG,IMG_0706_BW.JPG,1,0,1,0,0
IMG_0707_BW.JPG,IMG_0707_BW.JPG,1,0,1,0,0
IMG_0708_BW.JPG,IMG_0708_BW.JPG,1,0,0,0,0
IMG_0709_BW.JPG,IMG_0709_BW.JPG,1,0,0,0,0
IMG_0710_BW.JPG,IMG_0710_BW.JPG,1,0,0,0,0
IMG_0711_BW.JPG,IMG_0711_BW.JPG,1,0,0,0,0
IMG_0712_BW.JPG,IMG_0712_BW.JPG,1,0,0,0,0
IMG_0713_BW.JPG,IMG_0713_BW.JPG,1,0,1,0,0
IMG_0714_BW.JPG,IMG_0714_BW.JPG,1,0,1,0,0
IMG_0715_BW.JPG,IMG_0715_BW.JPG,1,0,1,0,0
IMG_0716_BW.JPG,IMG_0716_BW.JPG,1,0,1,0,0
IMG_0717_BW.JPG,IMG_0717_BW.JPG,1,0,1,0,0
IMG_0718_BW.JPG,IMG_0718_BW.JPG,1,0,1,0,0
IMG_0719_BW.JPG,IMG_0719_BW.JPG,1,0,1,0,0
IMG_0720_BW.JPG,IMG_0720_BW.JPG,1,0,1,0,0
IMG_0721_BW.JPG,IMG_0721_BW.JPG,1,0,1,0,0
IMG_0722_BW.JPG,IMG_0722_BW.JPG,1,0,0,1,0
IMG_0723_BW.JPG,IMG_0723_BW.JPG,1,0,0,1,0
IMG_0724_BW.JPG,IMG_0724_BW.JPG,1,0,0,1,0
IMG_0725_BW.JPG,IMG_0725_BW.JPG,1,0,0,1,0
IMG_0726_BW.JPG,IMG_0726_BW.JPG,1,0,0,1,0
IMG_0727_BW.JPG,IMG_0727_BW.JPG,1,0,1,0,0
IMG_0728_BW.JPG,IMG_0728_BW.JPG,1,0,1,0,0
IMG_0729_BW.JPG,IMG_0729_BW.JPG,1,0,1,0,0
IMG_0730_BW.JPG,IMG_0730_BW.JPG,1,0,1,0,0
IMG_0731_BW.JPG,IMG_0731_BW.JPG,1,0,1,0,0
004_GW.jpg,004_GW.jpg,0,0,0,0,1
005_GW.jpg,005_GW.jpg,1,1,0,0,0
006_GW.jpg,006_GW.jpg,1,1,0,0,0
007_GW.jpg,007_GW.jpg,1,1,0,0,0
008_GW.jpg,008_GW.jpg,1,1,0,0,0
009_GW.jpg,009_GW.jpg,1,1,0,0,0
010_GW.jpg,010_GW.jpg,1,1,0,0,0
011_GW.jpg,011_GW.jpg,1,1,0,0,0
012_GW.jpg,012_GW.jpg,1,0,1,0,0
013_GW.jpg,013_GW.jpg,1,1,0,0,0
014_GW.jpg,014_GW.jpg,1,1,0,0,0
015_GW.jpg,015_GW.jpg,1,1,0,0,0
016_GW.jpg,016_GW.jpg,1,1,0,0,0
017_GW.jpg,017_GW.jpg,1,1,0,0,0
018_GW.jpg,018_GW.jpg,1,1,0,0,0
019_GW.jpg,019_GW.jpg,1,1,0,0,0
020_GW.jpg,020_GW.jpg,1,1,0,0,0
021_GW.jpg,021_GW.jpg,1,1,0,0,0
022_GW.jpg,022_GW.jpg,1,1,0,0,0
023_GW.jpg,023_GW.jpg,1,1,0,0,0
024_GW.jpg,024_GW.jpg,1,1,0,0,0
025_GW.jpg,025_GW.jpg,1,1,0,0,0
026_GW.jpg,026_GW.jpg,1,1,0,0,0
027_GW.jpg,027_GW.jpg,1,1,0,0,0
028_GW.jpg,028_GW.jpg,1,1,0,0,0
029_GW.jpg,029_GW.jpg,1,1,0,0,0
030_GW.jpg,030_GW.jpg,1,1,0,0,0
031_GW.jpg,031_GW.jpg,0,0,0,0,1
032_GW.jpg,032_GW.jpg,1,1,0,0,0
033_GW.jpg,033_GW.jpg,1,1,0,0,0
034_GW.jpg,034_GW.jpg,1,1,0,0,0
035_GW.jpg,035_GW.jpg,1,1,0,0,0
036_GW.jpg,036_GW.jpg,1,1,0,0,0
037_GW.jpg,037_GW.jpg,1,1,0,0,0
038_GW.jpg,038_GW.jpg,1,1,0,0,0
039_GW.jpg,039_GW.jpg,1,1,0,0,0
040_GW.jpg,040_GW.jpg,1,1,0,0,0
041_GW.jpg,041_GW.jpg,1,1,0,0,0
042_GW.jpg,042_GW.jpg,1,1,0,0,0
043_GW.jpg,043_GW.jpg,1,1,0,0,0
044_GW.jpg,044_GW.jpg,0,0,0,0,1
046_GW.jpg,046_GW.jpg,0,0,0,0,1
047_GW.jpg,047_GW.jpg,1,1,0,0,0
048_GW.jpg,048_GW.jpg,1,1,0,0,0
049_GW.jpg,049_GW.jpg,0,0,0,0,1
050_GW.jpg,050_GW.jpg,1,1,0,0,0
051_GW.jpg,051_GW.jpg,1,1,0,0,0
052_GW.jpg,052_GW.jpg,1,1,0,0,0
053_GW.jpg,053_GW.jpg,1,1,0,0,0
054_GW.jpg,054_GW.jpg,1,1,0,0,0
055_GW.jpg,055_GW.jpg,1,1,0,0,0
056_GW.jpg,056_GW.jpg,1,1,0,0,0
057_GW.jpg,057_GW.jpg,0,0,0,0,1
058_GW.jpg,058_GW.jpg,1,1,0,0,0
059_GW.jpg,059_GW.jpg,1,1,0,0,0
060_GW.jpg,060_GW.jpg,1,1,0,0,0
061_GW.jpg,061_GW.jpg,1,1,0,0,0
062_GW.jpg,062_GW.jpg,1,1,0,0,0
063_GW.jpg,063_GW.jpg,1,1,0,0,0
064_GW.jpg,064_GW.jpg,1,1,0,0,0
065_GW.jpg,065_GW.jpg,1,1,0,0,0
066_GW.jpg,066_GW.jpg,1,1,0,0,0
067_GW.jpg,067_GW.jpg,1,1,0,0,0
068_GW.jpg,068_GW.jpg,1,1,0,0,0
069_GW.jpg,069_GW.jpg,1,1,0,0,0
070_GW.jpg,070_GW.jpg,1,1,0,0,0
071_GW.jpg,071_GW.jpg,1,1,0,0,0
072_GW.jpg,072_GW.jpg,1,1,0,0,0
073_GW.jpg,073_GW.jpg,1,1,0,0,0
074_GW.jpg,074_GW.jpg,1,1,0,0,0
075_GW.jpg,075_GW.jpg,0,0,0,0,1
076_GW.jpg,076_GW.jpg,1,1,0,0,0
077_GW.jpg,077_GW.jpg,1,1,0,0,0
078_GW.jpg,078_GW.jpg,1,1,0,0,0
079_GW.jpg,079_GW.jpg,1,1,0,0,0
080_GW.jpg,080_GW.jpg,1,1,0,0,0
081_GW.jpg,081_GW.jpg,1,1,0,0,0
082_GW.jpg,082_GW.jpg,1,1,0,0,0
083_GW.jpg,083_GW.jpg,1,1,0,0,0
084_GW.jpg,084_GW.jpg,1,1,0,0,0
085_GW.jpg,085_GW.jpg,1,1,0,0,0
086_GW.jpg,086_GW.jpg,0,0,0,0,1
087_GW.jpg,087_GW.jpg,1,1,0,0,0
088_GW.jpg,088_GW.jpg,1,1,0,0,0
089_GW.jpg,089_GW.jpg,1,1,0,0,0
090_GW.jpg,090_GW.jpg,1,1,0,0,0
091_GW.jpg,091_GW.jpg,1,1,0,0,0
092_GW.jpg,092_GW.jpg,1,0,0,1,0
093_GW.jpg,093_GW.jpg,1,0,0,1,0
094_GW.jpg,094_GW.jpg,1,0,0,1,0
095_GW.jpg,095_GW.jpg,1,0,1,0,0
096_GW.jpg,096_GW.jpg,1,1,0,0,0
097_GW.jpg,097_GW.jpg,0,0,0,0,1
098_GW.jpg,098_GW.jpg,0,0,0,0,1
099_GW.jpg,099_GW.jpg,0,0,0,0,1
100_GW.jpg,100_GW.jpg,0,0,0,0,1
101_GW.jpg,101_GW.jpg,1,0,1,0,0
102_GW.jpg,102_GW.jpg,1,0,1,0,0
103_GW.jpg,103_GW.jpg,1,0,1,0,0
104_GW.jpg,104_GW.jpg,1,0,1,0,0
105_GW.jpg,105_GW.jpg,1,1,0,0,0
106_GW.jpg,106_GW.jpg,1,1,0,0,0
107_GW.jpg,107_GW.jpg,0,0,0,0,1
108_GW.jpg,108_GW.jpg,1,1,0,0,0
109_GW.jpg,109_GW.jpg,1,0,1,0,0
110_GW.jpg,110_GW.jpg,1,0,0,0,0
111_GW.jpg,111_GW.jpg,1,1,0,0,0
112_GW.jpg,112_GW.jpg,1,1,0,0,0
113_GW.jpg,113_GW.jpg,1,1,0,0,0
114_GW.jpg,114_GW.jpg,1,1,0,0,0
115_GW.jpg,115_GW.jpg,1,1,0,0,0
116_GW.jpg,116_GW.jpg,1,1,0,0,0
117_GW.jpg,117_GW.jpg,1,1,0,0,0
118_GW.jpg,118_GW.jpg,1,1,0,0,0
119_GW.jpg,119_GW.jpg,1,1,0,0,0
120_GW.jpg,120_GW.jpg,1,1,0,0,0
121_GW.jpg,121_GW.jpg,0,0,0,0,1
122_GW.jpg,122_GW.jpg,0,0,0,0,1
123_GW.jpg,123_GW.jpg,0,0,0,0,1
124_GW.jpg,124_GW.jpg,0,0,0,0,1
125_GW.jpg,125_GW.jpg,1,0,1,0,0
126_GW.jpg,126_GW.jpg,1,0,1,0,0
127_GW.jpg,127_GW.jpg,1,0,1,0,0
128_GW.jpg,128_GW.jpg,1,0,1,0,0
129_GW.jpg,129_GW.jpg,1,0,1,0,0
130_GW.jpg,130_GW.jpg,1,1,0,0,0
131_GW.jpg,131_GW.jpg,1,1,0,0,0
132_GW.jpg,132_GW.jpg,1,1,0,0,0
133_GW.jpg,133_GW.jpg,1,1,0,0,0
134_GW.jpg,134_GW.jpg,1,1,0,0,0
135_GW.jpg,135_GW.jpg,1,0,1,0,0
136_GW.jpg,136_GW.jpg,1,0,1,0,0
137_GW.jpg,137_GW.jpg,1,1,0,0,0
138_GW.jpg,138_GW.jpg,1,1,0,0,0
139_GW.jpg,139_GW.jpg,1,0,1,0,0
140_GW.jpg,140_GW.jpg,1,1,0,0,0
141_GW.jpg,141_GW.jpg,1,1,0,0,0
142_GW.jpg,142_GW.jpg,1,1,0,0,0
143_GW.jpg,143_GW.jpg,1,1,0,0,0
144_GW.jpg,144_GW.jpg,1,1,0,0,0
145_GW.jpg,145_GW.jpg,1,1,0,0,0
146_GW.jpg,146_GW.jpg,1,1,0,0,0
147_GW.jpg,147_GW.jpg,1,0,1,0,0
148_GW.jpg,148_GW.jpg,0,0,0,0,1
149_GW.jpg,149_GW.jpg,1,0,1,0,0
150_GW.jpg,150_GW.jpg,1,0,1,0,0
151_GW.jpg,151_GW.jpg,1,0,1,0,0
152_GW.jpg,152_GW.jpg,1,0,1,0,0
153_GW.jpg,153_GW.jpg,0,0,0,0,1
154_GW.jpg,154_GW.jpg,1,0,1,0,0
155_GW.jpg,155_GW.jpg,1,0,1,0,0
156_GW.jpg,156_GW.jpg,1,0,1,0,0
157_GW.jpg,157_GW.jpg,0,0,0,0,1
158_GW.jpg,158_GW.jpg,1,1,0,0,0
159_GW.jpg,159_GW.jpg,1,0,1,0,0
160_GW.jpg,160_GW.jpg,0,0,0,0,1
161_GW.jpg,161_GW.jpg,1,1,0,0,0
162_GW.jpg,162_GW.jpg,1,1,0,0,0
163_GW.jpg,163_GW.jpg,1,1,0,0,0
164_GW.jpg,164_GW.jpg,1,1,0,0,0
165_GW.jpg,165_GW.jpg,1,1,0,0,0
166_GW.jpg,166_GW.jpg,1,1,0,0,0
167_GW.jpg,167_GW.jpg,1,1,0,0,0
168_GW.jpg,168_GW.jpg,1,1,0,0,0
169_GW.jpg,169_GW.jpg,1,1,0,0,0
170_GW.jpg,170_GW.jpg,1,1,0,0,0
171_GW.jpg,171_GW.jpg,1,1,0,0,0
172_GW.jpg,172_GW.jpg,1,1,0,0,0
173_GW.jpg,173_GW.jpg,1,1,0,0,0
174_GW.jpg,174_GW.jpg,1,1,0,0,0
175_GW.jpg,175_GW.jpg,1,1,0,0,0
176_GW.jpg,176_GW.jpg,1,0,1,0,0
177_GW.jpg,177_GW.jpg,1,1,0,0,0
178_GW.jpg,178_GW.jpg,1,0,0,1,0
179_GW.jpg,179_GW.jpg,1,1,0,0,0
180_GW.jpg,180_GW.jpg,1,1,0,0,0
181_GW.jpg,181_GW.jpg,1,1,0,0,0
182_GW.jpg,182_GW.jpg,1,1,0,0,0
183_GW.jpg,183_GW.jpg,1,0,0,1,0
184_GW.jpg,184_GW.jpg,1,0,0,1,0
185_GW.jpg,185_GW.jpg,1,1,0,0,0
186_GW.jpg,186_GW.jpg,1,0,1,0,0
187_GW.jpg,187_GW.jpg,1,1,0,0,0
188_GW.jpg,188_GW.jpg,1,0,1,0,0
189_GW.jpg,189_GW.jpg,1,0,1,0,0
190_GW.jpg,190_GW.jpg,1,1,0,0,0
191_GW.jpg,191_GW.jpg,1,0,1,0,0
192_GW.jpg,192_GW.jpg,1,1,0,0,0
193_GW.jpg,193_GW.jpg,1,0,1,0,0
194_GW.jpg,194_GW.jpg,1,1,0,0,0
195_GW.jpg,195_GW.jpg,1,1,0,0,0
196_GW.jpg,196_GW.jpg,1,1,0,0,0
197_GW.jpg,197_GW.jpg,1,1,0,0,0
198_GW.jpg,198_GW.jpg,1,1,0,0,0
199_GW.jpg,199_GW.jpg,0,0,0,0,1
200_GW.jpg,200_GW.jpg,1,1,0,0,0
201_GW.jpg,201_GW.jpg,0,0,0,0,1
202_GW.jpg,202_GW.jpg,0,0,0,0,1
203_GW.jpg,203_GW.jpg,1,1,0,0,0
204_GW.jpg,204_GW.jpg,1,1,0,0,0
205_GW.jpg,205_GW.jpg,1,1,0,0,0
206_GW.jpg,206_GW.jpg,1,1,0,0,0
207_GW.jpg,207_GW.jpg,1,1,0,0,0
208_GW.jpg,208_GW.jpg,1,1,0,0,0
209_GW.jpg,209_GW.jpg,1,1,0,0,0
210_GW.jpg,210_GW.jpg,1,1,0,0,0
211_GW.jpg,211_GW.jpg,1,1,0,0,0
212_GW.jpg,212_GW.jpg,1,1,0,0,0
213_GW.jpg,213_GW.jpg,1,1,0,0,0
214_GW.jpg,214_GW.jpg,1,1,0,0,0
215_GW.jpg,215_GW.jpg,0,0,0,0,1
216_GW.jpg,216_GW.jpg,1,1,0,0,0
217_GW.jpg,217_GW.jpg,1,1,0,0,0
218_GW.jpg,218_GW.jpg,0,0,0,0,1
219_GW.jpg,219_GW.jpg,1,1,0,0,0
220_GW.jpg,220_GW.jpg,0,0,0,0,1
221_GW.jpg,221_GW.jpg,1,1,0,0,0
222_GW.jpg,222_GW.jpg,1,1,0,0,0
223_GW.jpg,223_GW.jpg,1,1,0,0,0
224_GW.jpg,224_GW.jpg,1,1,0,0,0
225_GW.jpg,225_GW.jpg,1,1,0,0,0
226_GW.jpg,226_GW.jpg,0,0,0,0,1
227_GW.jpg,227_GW.jpg,1,1,0,0,0
228_GW.jpg,228_GW.jpg,0,0,0,0,1
229_GW.jpg,229_GW.jpg,1,1,0,0,0
230_GW.jpg,230_GW.jpg,1,1,0,0,0
231_GW.jpg,231_GW.jpg,1,0,1,0,0
232_GW.jpg,232_GW.jpg,0,0,0,0,1
233_GW.jpg,233_GW.jpg,1,1,0,0,0
234_GW.jpg,234_GW.jpg,1,1,0,0,0
235_GW.jpg,235_GW.jpg,1,1,0,0,0
236_GW.jpg,236_GW.jpg,1,1,0,0,0
237_GW.jpg,237_GW.jpg,0,0,0,0,1
238_GW.jpg,238_GW.jpg,1,1,0,0,0
239_GW.jpg,239_GW.jpg,1,1,0,0,0
240_GW.jpg,240_GW.jpg,1,1,0,0,0
241_GW.jpg,241_GW.jpg,1,1,0,0,0
242_GW.jpg,242_GW.jpg,1,1,0,0,0
243_GW.jpg,243_GW.jpg,1,1,0,0,0
244_GW.jpg,244_GW.jpg,0,0,0,0,1
245_GW.jpg,245_GW.jpg,1,1,0,0,0
246_GW.jpg,246_GW.jpg,1,1,0,0,0
247_GW.jpg,247_GW.jpg,1,1,0,0,0
248_GW.jpg,248_GW.jpg,0,0,0,0,1
249_GW.jpg,249_GW.jpg,1,1,0,0,0
250_GW.jpg,250_GW.jpg,1,1,0,0,0
